"Area","Date","Variable","Unit","VALUE","Ember_region","MoM_absolute_change"
"Australia","2015-01-01","Total emissions","mtCO2","14.96","Oceania","-0.29"
"Australia","2015-02-01","Total emissions","mtCO2","13.85","Oceania","0.03"
"Australia","2015-03-01","Total emissions","mtCO2","14.78","Oceania","0.11"
"Australia","2015-04-01","Total emissions","mtCO2","13.58","Oceania","0.11"
"Australia","2015-05-01","Total emissions","mtCO2","14.32","Oceania","0.23"
"Australia","2015-06-01","Total emissions","mtCO2","14.7","Oceania","0.88"
"Australia","2015-07-01","Total emissions","mtCO2","15.54","Oceania","0.58"
"Australia","2015-08-01","Total emissions","mtCO2","14.6","Oceania","-0.26"
"Australia","2015-09-01","Total emissions","mtCO2","13.55","Oceania","0.21"
"Australia","2015-10-01","Total emissions","mtCO2","13.86","Oceania","0.12"
"Australia","2015-11-01","Total emissions","mtCO2","14.05","Oceania","0.15"
"Australia","2015-12-01","Total emissions","mtCO2","14.78","Oceania","0.37"
"Australia","2016-01-01","Total emissions","mtCO2","14.78","Oceania","-0.18"
"Australia","2016-02-01","Total emissions","mtCO2","14.55","Oceania","0.7"
"Australia","2016-03-01","Total emissions","mtCO2","15.15","Oceania","0.37"
"Australia","2016-04-01","Total emissions","mtCO2","13.87","Oceania","0.29"
"Australia","2016-05-01","Total emissions","mtCO2","13.9","Oceania","-0.42"
"Australia","2016-06-01","Total emissions","mtCO2","14.58","Oceania","-0.12"
"Australia","2016-07-01","Total emissions","mtCO2","14.97","Oceania","-0.57"
"Australia","2016-08-01","Total emissions","mtCO2","14.95","Oceania","0.35"
"Australia","2016-09-01","Total emissions","mtCO2","13.62","Oceania","0.07"
"Australia","2016-10-01","Total emissions","mtCO2","12.62","Oceania","-1.24"
"Australia","2016-11-01","Total emissions","mtCO2","13.21","Oceania","-0.84"
"Australia","2016-12-01","Total emissions","mtCO2","14.26","Oceania","-0.52"
"Australia","2017-01-01","Total emissions","mtCO2","15.69","Oceania","0.91"
"Australia","2017-02-01","Total emissions","mtCO2","14.13","Oceania","-0.42"
"Australia","2017-03-01","Total emissions","mtCO2","15.17","Oceania","0.02"
"Australia","2017-04-01","Total emissions","mtCO2","13.27","Oceania","-0.6"
"Australia","2017-05-01","Total emissions","mtCO2","14.25","Oceania","0.35"
"Australia","2017-06-01","Total emissions","mtCO2","15.01","Oceania","0.43"
"Australia","2017-07-01","Total emissions","mtCO2","14.89","Oceania","-0.08"
"Australia","2017-08-01","Total emissions","mtCO2","14.55","Oceania","-0.4"
"Australia","2017-09-01","Total emissions","mtCO2","12.96","Oceania","-0.66"
"Australia","2017-10-01","Total emissions","mtCO2","13.12","Oceania","0.5"
"Australia","2017-11-01","Total emissions","mtCO2","13.75","Oceania","0.54"
"Australia","2017-12-01","Total emissions","mtCO2","14.72","Oceania","0.46"
"Australia","2018-01-01","Total emissions","mtCO2","15.33","Oceania","-0.36"
"Australia","2018-02-01","Total emissions","mtCO2","13.63","Oceania","-0.5"
"Australia","2018-03-01","Total emissions","mtCO2","14.12","Oceania","-1.05"
"Australia","2018-04-01","Total emissions","mtCO2","13.12","Oceania","-0.15"
"Australia","2018-05-01","Total emissions","mtCO2","13.83","Oceania","-0.42"
"Australia","2018-06-01","Total emissions","mtCO2","14.34","Oceania","-0.67"
"Australia","2018-07-01","Total emissions","mtCO2","14.26","Oceania","-0.63"
"Australia","2018-08-01","Total emissions","mtCO2","13.7","Oceania","-0.85"
"Australia","2018-09-01","Total emissions","mtCO2","12.78","Oceania","-0.18"
"Australia","2018-10-01","Total emissions","mtCO2","13.06","Oceania","-0.06"
"Australia","2018-11-01","Total emissions","mtCO2","12.68","Oceania","-1.07"
"Australia","2018-12-01","Total emissions","mtCO2","13.65","Oceania","-1.07"
"Australia","2019-01-01","Total emissions","mtCO2","15.22","Oceania","-0.11"
"Australia","2019-02-01","Total emissions","mtCO2","13.18","Oceania","-0.45"
"Australia","2019-03-01","Total emissions","mtCO2","14.36","Oceania","0.24"
"Australia","2019-04-01","Total emissions","mtCO2","12.58","Oceania","-0.54"
"Australia","2019-05-01","Total emissions","mtCO2","13.46","Oceania","-0.37"
"Australia","2019-06-01","Total emissions","mtCO2","13.79","Oceania","-0.55"
"Australia","2019-07-01","Total emissions","mtCO2","13.93","Oceania","-0.33"
"Australia","2019-08-01","Total emissions","mtCO2","13.6","Oceania","-0.1"
"Australia","2019-09-01","Total emissions","mtCO2","12.13","Oceania","-0.65"
"Australia","2019-10-01","Total emissions","mtCO2","12.44","Oceania","-0.62"
"Australia","2019-11-01","Total emissions","mtCO2","12.13","Oceania","-0.55"
"Australia","2019-12-01","Total emissions","mtCO2","13.52","Oceania","-0.13"
"Australia","2020-01-01","Total emissions","mtCO2","14.15","Oceania","-1.07"
"Australia","2020-02-01","Total emissions","mtCO2","13.17","Oceania","-0.01"
"Australia","2020-03-01","Total emissions","mtCO2","12.72","Oceania","-1.64"
"Australia","2020-04-01","Total emissions","mtCO2","11.69","Oceania","-0.89"
"Australia","2020-05-01","Total emissions","mtCO2","12.61","Oceania","-0.85"
"Australia","2020-06-01","Total emissions","mtCO2","13.4","Oceania","-0.39"
"Australia","2020-07-01","Total emissions","mtCO2","14.14","Oceania","0.21"
"Australia","2020-08-01","Total emissions","mtCO2","13.15","Oceania","-0.45"
"Australia","2020-09-01","Total emissions","mtCO2","11.2","Oceania","-0.93"
"Australia","2020-10-01","Total emissions","mtCO2","11.33","Oceania","-1.11"
"Australia","2020-11-01","Total emissions","mtCO2","11.61","Oceania","-0.52"
"Australia","2020-12-01","Total emissions","mtCO2","12.2","Oceania","-1.32"
"Australia","2021-01-01","Total emissions","mtCO2","12.5","Oceania","-1.65"
"Australia","2021-02-01","Total emissions","mtCO2","11.38","Oceania","-1.79"
"Australia","2021-03-01","Total emissions","mtCO2","12.29","Oceania","-0.43"
"Australia","2021-04-01","Total emissions","mtCO2","11.73","Oceania","0.04"
"Australia","2021-05-01","Total emissions","mtCO2","12.52","Oceania","-0.09"
"Australia","2021-06-01","Total emissions","mtCO2","13.09","Oceania","-0.31"
"Australia","2021-07-01","Total emissions","mtCO2","13.56","Oceania","-0.58"
"Australia","2021-08-01","Total emissions","mtCO2","12.28","Oceania","-0.87"
"Australia","2021-09-01","Total emissions","mtCO2","10.7","Oceania","-0.5"
"Australia","2021-10-01","Total emissions","mtCO2","10.83","Oceania","-0.5"
"Australia","2021-11-01","Total emissions","mtCO2","10.67","Oceania","-0.94"
"Australia","2021-12-01","Total emissions","mtCO2","11.42","Oceania","-0.78"
"Australia","2022-01-01","Total emissions","mtCO2","12.48","Oceania","-0.02"
"Australia","2022-02-01","Total emissions","mtCO2","10.92","Oceania","-0.46"
"Australia","2022-03-01","Total emissions","mtCO2","12.2","Oceania","-0.09"
"Australia","2022-04-01","Total emissions","mtCO2","11.17","Oceania","-0.56"
"Australia","2022-05-01","Total emissions","mtCO2","12.16","Oceania","-0.36"
"Australia","2022-06-01","Total emissions","mtCO2","12.42","Oceania","-0.67"
"Australia","2022-07-01","Total emissions","mtCO2","13.28","Oceania","-0.28"
"Australia","2022-08-01","Total emissions","mtCO2","12.2","Oceania","-0.08"
"Australia","2022-09-01","Total emissions","mtCO2","10.94","Oceania","0.24"
"Australia","2022-10-01","Total emissions","mtCO2","10.74","Oceania","-0.09"
"Australia","2022-11-01","Total emissions","mtCO2","9.64","Oceania","-1.03"
"Australia","2022-12-01","Total emissions","mtCO2","10.25","Oceania","-1.17"
"Australia","2023-01-01","Total emissions","mtCO2","11.39","Oceania","-1.09"
"Australia","2023-02-01","Total emissions","mtCO2","10.74","Oceania","-0.18"
"Australia","2023-03-01","Total emissions","mtCO2","11.87","Oceania","-0.33"
"Australia","2023-04-01","Total emissions","mtCO2","10.6","Oceania","-0.57"
"Australia","2023-05-01","Total emissions","mtCO2","12.09","Oceania","-0.07"
"Australia","2023-06-01","Total emissions","mtCO2","11.92","Oceania","-0.5"
"Australia","2023-07-01","Total emissions","mtCO2","12.09","Oceania","-1.19"
"Australia","2023-08-01","Total emissions","mtCO2","11.6","Oceania","-0.6"
"Australia","2023-09-01","Total emissions","mtCO2","9.83","Oceania","-1.11"
"Australia","2023-10-01","Total emissions","mtCO2","9.73","Oceania","-1.01"
"Australia","2023-11-01","Total emissions","mtCO2","10.1","Oceania","0.46"
"Australia","2023-12-01","Total emissions","mtCO2","10.9","Oceania","0.65"
"Australia","2024-01-01","Total emissions","mtCO2","11.83","Oceania","0.44"
"Australia","2024-02-01","Total emissions","mtCO2","11.57","Oceania","0.83"
"Australia","2024-03-01","Total emissions","mtCO2","11.47","Oceania","-0.4"
"Canada","2015-01-01","Total emissions","mtCO2","9.48","North America","-0.41"
"Canada","2015-02-01","Total emissions","mtCO2","8.89","North America","0.01"
"Canada","2015-03-01","Total emissions","mtCO2","8.75","North America","-0.62"
"Canada","2015-04-01","Total emissions","mtCO2","7.54","North America","-0.49"
"Canada","2015-05-01","Total emissions","mtCO2","6.96","North America","-0.66"
"Canada","2015-06-01","Total emissions","mtCO2","7.28","North America","-0.1"
"Canada","2015-07-01","Total emissions","mtCO2","7.86","North America","-0.06"
"Canada","2015-08-01","Total emissions","mtCO2","8.22","North America","0.14"
"Canada","2015-09-01","Total emissions","mtCO2","7.66","North America","0.09"
"Canada","2015-10-01","Total emissions","mtCO2","7.94","North America","0.07"
"Canada","2015-11-01","Total emissions","mtCO2","8.16","North America","-0.6"
"Canada","2015-12-01","Total emissions","mtCO2","8.96","North America","-0.38"
"Canada","2016-01-01","Total emissions","mtCO2","11.49","North America","2.01"
"Canada","2016-02-01","Total emissions","mtCO2","9.89","North America","1"
"Canada","2016-03-01","Total emissions","mtCO2","10.21","North America","1.46"
"Canada","2016-04-01","Total emissions","mtCO2","8.97","North America","1.43"
"Canada","2016-05-01","Total emissions","mtCO2","8.68","North America","1.72"
"Canada","2016-06-01","Total emissions","mtCO2","8.83","North America","1.55"
"Canada","2016-07-01","Total emissions","mtCO2","10.09","North America","2.23"
"Canada","2016-08-01","Total emissions","mtCO2","10.65","North America","2.43"
"Canada","2016-09-01","Total emissions","mtCO2","9.23","North America","1.57"
"Canada","2016-10-01","Total emissions","mtCO2","9.43","North America","1.49"
"Canada","2016-11-01","Total emissions","mtCO2","9.82","North America","1.66"
"Canada","2016-12-01","Total emissions","mtCO2","11.29","North America","2.33"
"Canada","2017-01-01","Total emissions","mtCO2","10.93","North America","-0.56"
"Canada","2017-02-01","Total emissions","mtCO2","9.77","North America","-0.12"
"Canada","2017-03-01","Total emissions","mtCO2","10.25","North America","0.04"
"Canada","2017-04-01","Total emissions","mtCO2","8.57","North America","-0.4"
"Canada","2017-05-01","Total emissions","mtCO2","8.24","North America","-0.44"
"Canada","2017-06-01","Total emissions","mtCO2","7.76","North America","-1.07"
"Canada","2017-07-01","Total emissions","mtCO2","9.31","North America","-0.78"
"Canada","2017-08-01","Total emissions","mtCO2","9.73","North America","-0.92"
"Canada","2017-09-01","Total emissions","mtCO2","9.06","North America","-0.17"
"Canada","2017-10-01","Total emissions","mtCO2","8.69","North America","-0.74"
"Canada","2017-11-01","Total emissions","mtCO2","10.05","North America","0.23"
"Canada","2017-12-01","Total emissions","mtCO2","11.23","North America","-0.06"
"Canada","2018-01-01","Total emissions","mtCO2","11.08","North America","0.15"
"Canada","2018-02-01","Total emissions","mtCO2","9.47","North America","-0.3"
"Canada","2018-03-01","Total emissions","mtCO2","9.7","North America","-0.55"
"Canada","2018-04-01","Total emissions","mtCO2","8.44","North America","-0.13"
"Canada","2018-05-01","Total emissions","mtCO2","7.9","North America","-0.34"
"Canada","2018-06-01","Total emissions","mtCO2","7.72","North America","-0.04"
"Canada","2018-07-01","Total emissions","mtCO2","9.98","North America","0.67"
"Canada","2018-08-01","Total emissions","mtCO2","10.24","North America","0.51"
"Canada","2018-09-01","Total emissions","mtCO2","9.2","North America","0.14"
"Canada","2018-10-01","Total emissions","mtCO2","8.71","North America","0.02"
"Canada","2018-11-01","Total emissions","mtCO2","9.57","North America","-0.48"
"Canada","2018-12-01","Total emissions","mtCO2","10.52","North America","-0.71"
"Canada","2019-01-01","Total emissions","mtCO2","10.9","North America","-0.18"
"Canada","2019-02-01","Total emissions","mtCO2","10.69","North America","1.22"
"Canada","2019-03-01","Total emissions","mtCO2","10.9","North America","1.2"
"Canada","2019-04-01","Total emissions","mtCO2","8.47","North America","0.03"
"Canada","2019-05-01","Total emissions","mtCO2","8.14","North America","0.24"
"Canada","2019-06-01","Total emissions","mtCO2","7.55","North America","-0.17"
"Canada","2019-07-01","Total emissions","mtCO2","9.89","North America","-0.09"
"Canada","2019-08-01","Total emissions","mtCO2","9.25","North America","-0.99"
"Canada","2019-09-01","Total emissions","mtCO2","8.56","North America","-0.64"
"Canada","2019-10-01","Total emissions","mtCO2","8.89","North America","0.18"
"Canada","2019-11-01","Total emissions","mtCO2","9.73","North America","0.16"
"Canada","2019-12-01","Total emissions","mtCO2","10.3","North America","-0.22"
"Canada","2020-01-01","Total emissions","mtCO2","10.33","North America","-0.57"
"Canada","2020-02-01","Total emissions","mtCO2","9.51","North America","-1.18"
"Canada","2020-03-01","Total emissions","mtCO2","9.32","North America","-1.58"
"Canada","2020-04-01","Total emissions","mtCO2","7.67","North America","-0.8"
"Canada","2020-05-01","Total emissions","mtCO2","6.81","North America","-1.33"
"Canada","2020-06-01","Total emissions","mtCO2","7.3","North America","-0.25"
"Canada","2020-07-01","Total emissions","mtCO2","8.72","North America","-1.17"
"Canada","2020-08-01","Total emissions","mtCO2","8.99","North America","-0.26"
"Canada","2020-09-01","Total emissions","mtCO2","8.14","North America","-0.42"
"Canada","2020-10-01","Total emissions","mtCO2","8.61","North America","-0.28"
"Canada","2020-11-01","Total emissions","mtCO2","8.91","North America","-0.82"
"Canada","2020-12-01","Total emissions","mtCO2","9.82","North America","-0.48"
"Canada","2021-01-01","Total emissions","mtCO2","9.45","North America","-0.88"
"Canada","2021-02-01","Total emissions","mtCO2","9.68","North America","0.17"
"Canada","2021-03-01","Total emissions","mtCO2","8.57","North America","-0.75"
"Canada","2021-04-01","Total emissions","mtCO2","7.36","North America","-0.31"
"Canada","2021-05-01","Total emissions","mtCO2","7.42","North America","0.61"
"Canada","2021-06-01","Total emissions","mtCO2","8.4","North America","1.1"
"Canada","2021-07-01","Total emissions","mtCO2","8.58","North America","-0.14"
"Canada","2021-08-01","Total emissions","mtCO2","9.82","North America","0.83"
"Canada","2021-09-01","Total emissions","mtCO2","7.93","North America","-0.21"
"Canada","2021-10-01","Total emissions","mtCO2","8.81","North America","0.2"
"Canada","2021-11-01","Total emissions","mtCO2","9.24","North America","0.33"
"Canada","2021-12-01","Total emissions","mtCO2","10.32","North America","0.5"
"Canada","2022-01-01","Total emissions","mtCO2","10.74","North America","1.29"
"Canada","2022-02-01","Total emissions","mtCO2","8.84","North America","-0.84"
"Canada","2022-03-01","Total emissions","mtCO2","8.73","North America","0.16"
"Canada","2022-04-01","Total emissions","mtCO2","7.4","North America","0.04"
"Canada","2022-05-01","Total emissions","mtCO2","7.56","North America","0.14"
"Canada","2022-06-01","Total emissions","mtCO2","7.15","North America","-1.25"
"Canada","2022-07-01","Total emissions","mtCO2","8.74","North America","0.16"
"Canada","2022-08-01","Total emissions","mtCO2","9.3","North America","-0.52"
"Canada","2022-09-01","Total emissions","mtCO2","8.16","North America","0.23"
"Canada","2022-10-01","Total emissions","mtCO2","8.37","North America","-0.44"
"Canada","2022-11-01","Total emissions","mtCO2","8.69","North America","-0.55"
"Canada","2022-12-01","Total emissions","mtCO2","10.5","North America","0.18"
"Canada","2023-01-01","Total emissions","mtCO2","10.12","North America","-0.62"
"Canada","2023-02-01","Total emissions","mtCO2","8.49","North America","-0.35"
"Canada","2023-03-01","Total emissions","mtCO2","8.82","North America","0.09"
"Canada","2023-04-01","Total emissions","mtCO2","7.62","North America","0.22"
"Canada","2023-05-01","Total emissions","mtCO2","7.56","North America","0"
"Canada","2023-06-01","Total emissions","mtCO2","8.22","North America","1.07"
"Canada","2023-07-01","Total emissions","mtCO2","9.91","North America","1.17"
"Canada","2023-08-01","Total emissions","mtCO2","9.31","North America","0.01"
"Canada","2023-09-01","Total emissions","mtCO2","8.39","North America","0.23"
"Canada","2023-10-01","Total emissions","mtCO2","8.33","North America","-0.04"
"Canada","2023-11-01","Total emissions","mtCO2","9.55","North America","0.86"
"Canada","2023-12-01","Total emissions","mtCO2","10.15","North America","-0.35"
"Canada","2024-01-01","Total emissions","mtCO2","11.57","North America","1.45"
"Canada","2024-02-01","Total emissions","mtCO2","9.61","North America","1.12"
"Canada","2024-03-01","Total emissions","mtCO2","9.22","North America","0.4"
"China","2015-01-01","Total emissions","mtCO2","340.25","Asia",\0
"China","2015-02-01","Total emissions","mtCO2","340.25","Asia",\0
"China","2015-03-01","Total emissions","mtCO2","345.81","Asia",\0
"China","2015-04-01","Total emissions","mtCO2","336.03","Asia",\0
"China","2015-05-01","Total emissions","mtCO2","339.3","Asia",\0
"China","2015-06-01","Total emissions","mtCO2","331.35","Asia",\0
"China","2015-07-01","Total emissions","mtCO2","359.05","Asia",\0
"China","2015-08-01","Total emissions","mtCO2","370.85","Asia",\0
"China","2015-09-01","Total emissions","mtCO2","310.71","Asia",\0
"China","2015-10-01","Total emissions","mtCO2","306.54","Asia",\0
"China","2015-11-01","Total emissions","mtCO2","346.93","Asia",\0
"China","2015-12-01","Total emissions","mtCO2","380.41","Asia",\0
"China","2016-01-01","Total emissions","mtCO2","324.89","Asia","-15.36"
"China","2016-02-01","Total emissions","mtCO2","324.89","Asia","-15.36"
"China","2016-03-01","Total emissions","mtCO2","351.41","Asia","5.6"
"China","2016-04-01","Total emissions","mtCO2","318.76","Asia","-17.27"
"China","2016-05-01","Total emissions","mtCO2","319.52","Asia","-19.78"
"China","2016-06-01","Total emissions","mtCO2","334.35","Asia","3"
"China","2016-07-01","Total emissions","mtCO2","375.86","Asia","16.81"
"China","2016-08-01","Total emissions","mtCO2","398.49","Asia","27.64"
"China","2016-09-01","Total emissions","mtCO2","348.39","Asia","37.68"
"China","2016-10-01","Total emissions","mtCO2","342.13","Asia","35.59"
"China","2016-11-01","Total emissions","mtCO2","364.72","Asia","17.79"
"China","2016-12-01","Total emissions","mtCO2","406.82","Asia","26.41"
"China","2017-01-01","Total emissions","mtCO2","350.23","Asia","25.34"
"China","2017-02-01","Total emissions","mtCO2","350.23","Asia","25.34"
"China","2017-03-01","Total emissions","mtCO2","377.05","Asia","25.64"
"China","2017-04-01","Total emissions","mtCO2","336.05","Asia","17.29"
"China","2017-05-01","Total emissions","mtCO2","339.09","Asia","19.57"
"China","2017-06-01","Total emissions","mtCO2","353.72","Asia","19.37"
"China","2017-07-01","Total emissions","mtCO2","414.77","Asia","38.91"
"China","2017-08-01","Total emissions","mtCO2","413.93","Asia","15.44"
"China","2017-09-01","Total emissions","mtCO2","348.75","Asia","0.36"
"China","2017-10-01","Total emissions","mtCO2","336.5","Asia","-5.63"
"China","2017-11-01","Total emissions","mtCO2","371.61","Asia","6.89"
"China","2017-12-01","Total emissions","mtCO2","432.6","Asia","25.78"
"China","2018-01-01","Total emissions","mtCO2","392.16","Asia","41.93"
"China","2018-02-01","Total emissions","mtCO2","392.16","Asia","41.93"
"China","2018-03-01","Total emissions","mtCO2","390.14","Asia","13.09"
"China","2018-04-01","Total emissions","mtCO2","369.16","Asia","33.11"
"China","2018-05-01","Total emissions","mtCO2","382.26","Asia","43.17"
"China","2018-06-01","Total emissions","mtCO2","384.41","Asia","30.69"
"China","2018-07-01","Total emissions","mtCO2","440.33","Asia","25.56"
"China","2018-08-01","Total emissions","mtCO2","449.31","Asia","35.38"
"China","2018-09-01","Total emissions","mtCO2","372.05","Asia","23.3"
"China","2018-10-01","Total emissions","mtCO2","356.42","Asia","19.92"
"China","2018-11-01","Total emissions","mtCO2","392.85","Asia","21.24"
"China","2018-12-01","Total emissions","mtCO2","462.41","Asia","29.81"
"China","2019-01-01","Total emissions","mtCO2","403.64","Asia","11.48"
"China","2019-02-01","Total emissions","mtCO2","403.64","Asia","11.48"
"China","2019-03-01","Total emissions","mtCO2","397.39","Asia","7.25"
"China","2019-04-01","Total emissions","mtCO2","371.43","Asia","2.27"
"China","2019-05-01","Total emissions","mtCO2","367.6","Asia","-14.66"
"China","2019-06-01","Total emissions","mtCO2","387.93","Asia","3.52"
"China","2019-07-01","Total emissions","mtCO2","438.09","Asia","-2.24"
"China","2019-08-01","Total emissions","mtCO2","453","Asia","3.69"
"China","2019-09-01","Total emissions","mtCO2","398.43","Asia","26.38"
"China","2019-10-01","Total emissions","mtCO2","383.06","Asia","26.64"
"China","2019-11-01","Total emissions","mtCO2","416","Asia","23.15"
"China","2019-12-01","Total emissions","mtCO2","486.87","Asia","24.46"
"China","2020-01-01","Total emissions","mtCO2","370.94","Asia","-32.7"
"China","2020-02-01","Total emissions","mtCO2","370.94","Asia","-32.7"
"China","2020-03-01","Total emissions","mtCO2","369.61","Asia","-27.78"
"China","2020-04-01","Total emissions","mtCO2","376.54","Asia","5.11"
"China","2020-05-01","Total emissions","mtCO2","400.33","Asia","32.73"
"China","2020-06-01","Total emissions","mtCO2","410.6","Asia","22.67"
"China","2020-07-01","Total emissions","mtCO2","437.02","Asia","-1.07"
"China","2020-08-01","Total emissions","mtCO2","483.54","Asia","30.54"
"China","2020-09-01","Total emissions","mtCO2","402.27","Asia","3.84"
"China","2020-10-01","Total emissions","mtCO2","381.34","Asia","-1.72"
"China","2020-11-01","Total emissions","mtCO2","446.21","Asia","30.21"
"China","2020-12-01","Total emissions","mtCO2","534.02","Asia","47.15"
"China","2021-01-01","Total emissions","mtCO2","440.55","Asia","69.61"
"China","2021-02-01","Total emissions","mtCO2","440.57","Asia","69.63"
"China","2021-03-01","Total emissions","mtCO2","463.18","Asia","93.57"
"China","2021-04-01","Total emissions","mtCO2","424.02","Asia","47.48"
"China","2021-05-01","Total emissions","mtCO2","424.48","Asia","24.15"
"China","2021-06-01","Total emissions","mtCO2","452.55","Asia","41.95"
"China","2021-07-01","Total emissions","mtCO2","493.61","Asia","56.59"
"China","2021-08-01","Total emissions","mtCO2","487.57","Asia","4.03"
"China","2021-09-01","Total emissions","mtCO2","426.94","Asia","24.67"
"China","2021-10-01","Total emissions","mtCO2","403.74","Asia","22.4"
"China","2021-11-01","Total emissions","mtCO2","437.7","Asia","-8.51"
"China","2021-12-01","Total emissions","mtCO2","510.19","Asia","-23.83"
"China","2022-01-01","Total emissions","mtCO2","464.64","Asia","24.09"
"China","2022-02-01","Total emissions","mtCO2","464.67","Asia","24.1"
"China","2022-03-01","Total emissions","mtCO2","440.15","Asia","-23.03"
"China","2022-04-01","Total emissions","mtCO2","377.3","Asia","-46.72"
"China","2022-05-01","Total emissions","mtCO2","381.18","Asia","-43.3"
"China","2022-06-01","Total emissions","mtCO2","428.99","Asia","-23.56"
"China","2022-07-01","Total emissions","mtCO2","522.73","Asia","29.12"
"China","2022-08-01","Total emissions","mtCO2","561.64","Asia","74.07"
"China","2022-09-01","Total emissions","mtCO2","453.79","Asia","26.85"
"China","2022-10-01","Total emissions","mtCO2","418.31","Asia","14.57"
"China","2022-11-01","Total emissions","mtCO2","445.19","Asia","7.49"
"China","2022-12-01","Total emissions","mtCO2","520.19","Asia","10"
"China","2023-01-01","Total emissions","mtCO2","458.35","Asia","-6.29"
"China","2023-02-01","Total emissions","mtCO2","458.4","Asia","-6.27"
"China","2023-03-01","Total emissions","mtCO2","482.33","Asia","42.18"
"China","2023-04-01","Total emissions","mtCO2","422.05","Asia","44.75"
"China","2023-05-01","Total emissions","mtCO2","442.9","Asia","61.72"
"China","2023-06-01","Total emissions","mtCO2","490.83","Asia","61.84"
"China","2023-07-01","Total emissions","mtCO2","562.78","Asia","40.05"
"China","2023-08-01","Total emissions","mtCO2","553.4","Asia","-8.24"
"China","2023-09-01","Total emissions","mtCO2","467.87","Asia","14.08"
"China","2023-10-01","Total emissions","mtCO2","437.95","Asia","19.64"
"China","2023-11-01","Total emissions","mtCO2","476.49","Asia","31.3"
"China","2023-12-01","Total emissions","mtCO2","571.39","Asia","51.2"
"China","2024-01-01","Total emissions","mtCO2","507.57","Asia","49.22"
"China","2024-02-01","Total emissions","mtCO2","507.66","Asia","49.26"
"China","2024-03-01","Total emissions","mtCO2","490.23","Asia","7.9"
"France","2015-01-01","Total emissions","mtCO2","3.89","Europe",\0
"France","2015-02-01","Total emissions","mtCO2","3.99","Europe",\0
"France","2015-03-01","Total emissions","mtCO2","3.16","Europe",\0
"France","2015-04-01","Total emissions","mtCO2","1.71","Europe",\0
"France","2015-05-01","Total emissions","mtCO2","0.95","Europe",\0
"France","2015-06-01","Total emissions","mtCO2","0.87","Europe",\0
"France","2015-07-01","Total emissions","mtCO2","1.24","Europe",\0
"France","2015-08-01","Total emissions","mtCO2","0.93","Europe",\0
"France","2015-09-01","Total emissions","mtCO2","1.7","Europe",\0
"France","2015-10-01","Total emissions","mtCO2","2.76","Europe",\0
"France","2015-11-01","Total emissions","mtCO2","2.96","Europe",\0
"France","2015-12-01","Total emissions","mtCO2","2.81","Europe",\0
"France","2016-01-01","Total emissions","mtCO2","3.19","Europe","-0.7"
"France","2016-02-01","Total emissions","mtCO2","2.54","Europe","-1.45"
"France","2016-03-01","Total emissions","mtCO2","3.08","Europe","-0.08"
"France","2016-04-01","Total emissions","mtCO2","1.9","Europe","0.19"
"France","2016-05-01","Total emissions","mtCO2","1.35","Europe","0.4"
"France","2016-06-01","Total emissions","mtCO2","1.31","Europe","0.44"
"France","2016-07-01","Total emissions","mtCO2","1.54","Europe","0.3"
"France","2016-08-01","Total emissions","mtCO2","1.54","Europe","0.61"
"France","2016-09-01","Total emissions","mtCO2","2.79","Europe","1.09"
"France","2016-10-01","Total emissions","mtCO2","3.33","Europe","0.57"
"France","2016-11-01","Total emissions","mtCO2","4.34","Europe","1.38"
"France","2016-12-01","Total emissions","mtCO2","4.75","Europe","1.94"
"France","2017-01-01","Total emissions","mtCO2","5.51","Europe","2.32"
"France","2017-02-01","Total emissions","mtCO2","3.93","Europe","1.39"
"France","2017-03-01","Total emissions","mtCO2","3.22","Europe","0.14"
"France","2017-04-01","Total emissions","mtCO2","2.6","Europe","0.7"
"France","2017-05-01","Total emissions","mtCO2","2.01","Europe","0.66"
"France","2017-06-01","Total emissions","mtCO2","1.72","Europe","0.41"
"France","2017-07-01","Total emissions","mtCO2","2.54","Europe","1"
"France","2017-08-01","Total emissions","mtCO2","1.55","Europe","0.01"
"France","2017-09-01","Total emissions","mtCO2","2.18","Europe","-0.61"
"France","2017-10-01","Total emissions","mtCO2","3.55","Europe","0.22"
"France","2017-11-01","Total emissions","mtCO2","4.41","Europe","0.07"
"France","2017-12-01","Total emissions","mtCO2","3.7","Europe","-1.05"
"France","2018-01-01","Total emissions","mtCO2","2.4","Europe","-3.11"
"France","2018-02-01","Total emissions","mtCO2","3.94","Europe","0.01"
"France","2018-03-01","Total emissions","mtCO2","3.37","Europe","0.15"
"France","2018-04-01","Total emissions","mtCO2","1.37","Europe","-1.23"
"France","2018-05-01","Total emissions","mtCO2","1.11","Europe","-0.9"
"France","2018-06-01","Total emissions","mtCO2","1.27","Europe","-0.45"
"France","2018-07-01","Total emissions","mtCO2","2.14","Europe","-0.4"
"France","2018-08-01","Total emissions","mtCO2","1.93","Europe","0.38"
"France","2018-09-01","Total emissions","mtCO2","1.66","Europe","-0.52"
"France","2018-10-01","Total emissions","mtCO2","2.65","Europe","-0.9"
"France","2018-11-01","Total emissions","mtCO2","3.29","Europe","-1.12"
"France","2018-12-01","Total emissions","mtCO2","2.81","Europe","-0.89"
"France","2019-01-01","Total emissions","mtCO2","3.68","Europe","1.28"
"France","2019-02-01","Total emissions","mtCO2","2.88","Europe","-1.06"
"France","2019-03-01","Total emissions","mtCO2","2.11","Europe","-1.26"
"France","2019-04-01","Total emissions","mtCO2","1.53","Europe","0.16"
"France","2019-05-01","Total emissions","mtCO2","1.47","Europe","0.36"
"France","2019-06-01","Total emissions","mtCO2","1.4","Europe","0.13"
"France","2019-07-01","Total emissions","mtCO2","1.91","Europe","-0.23"
"France","2019-08-01","Total emissions","mtCO2","1.52","Europe","-0.41"
"France","2019-09-01","Total emissions","mtCO2","1.81","Europe","0.15"
"France","2019-10-01","Total emissions","mtCO2","1.99","Europe","-0.66"
"France","2019-11-01","Total emissions","mtCO2","3.41","Europe","0.12"
"France","2019-12-01","Total emissions","mtCO2","2.78","Europe","-0.03"
"France","2020-01-01","Total emissions","mtCO2","3.22","Europe","-0.46"
"France","2020-02-01","Total emissions","mtCO2","2.43","Europe","-0.45"
"France","2020-03-01","Total emissions","mtCO2","2.3","Europe","0.19"
"France","2020-04-01","Total emissions","mtCO2","0.8","Europe","-0.73"
"France","2020-05-01","Total emissions","mtCO2","1.18","Europe","-0.29"
"France","2020-06-01","Total emissions","mtCO2","1.69","Europe","0.29"
"France","2020-07-01","Total emissions","mtCO2","1.9","Europe","-0.01"
"France","2020-08-01","Total emissions","mtCO2","1.74","Europe","0.22"
"France","2020-09-01","Total emissions","mtCO2","1.97","Europe","0.16"
"France","2020-10-01","Total emissions","mtCO2","1.72","Europe","-0.27"
"France","2020-11-01","Total emissions","mtCO2","2.69","Europe","-0.72"
"France","2020-12-01","Total emissions","mtCO2","3.04","Europe","0.26"
"France","2021-01-01","Total emissions","mtCO2","3.77","Europe","0.55"
"France","2021-02-01","Total emissions","mtCO2","2.69","Europe","0.26"
"France","2021-03-01","Total emissions","mtCO2","2.68","Europe","0.38"
"France","2021-04-01","Total emissions","mtCO2","2.02","Europe","1.22"
"France","2021-05-01","Total emissions","mtCO2","1.19","Europe","0.01"
"France","2021-06-01","Total emissions","mtCO2","1.28","Europe","-0.41"
"France","2021-07-01","Total emissions","mtCO2","1.35","Europe","-0.55"
"France","2021-08-01","Total emissions","mtCO2","1.03","Europe","-0.71"
"France","2021-09-01","Total emissions","mtCO2","1.75","Europe","-0.22"
"France","2021-10-01","Total emissions","mtCO2","2.02","Europe","0.3"
"France","2021-11-01","Total emissions","mtCO2","3.47","Europe","0.78"
"France","2021-12-01","Total emissions","mtCO2","3.36","Europe","0.32"
"France","2022-01-01","Total emissions","mtCO2","3.89","Europe","0.12"
"France","2022-02-01","Total emissions","mtCO2","2.94","Europe","0.25"
"France","2022-03-01","Total emissions","mtCO2","3.1","Europe","0.42"
"France","2022-04-01","Total emissions","mtCO2","2.07","Europe","0.05"
"France","2022-05-01","Total emissions","mtCO2","1.91","Europe","0.72"
"France","2022-06-01","Total emissions","mtCO2","1.65","Europe","0.37"
"France","2022-07-01","Total emissions","mtCO2","1.99","Europe","0.64"
"France","2022-08-01","Total emissions","mtCO2","1.81","Europe","0.78"
"France","2022-09-01","Total emissions","mtCO2","1.9","Europe","0.15"
"France","2022-10-01","Total emissions","mtCO2","2.14","Europe","0.12"
"France","2022-11-01","Total emissions","mtCO2","2.7","Europe","-0.77"
"France","2022-12-01","Total emissions","mtCO2","3.49","Europe","0.13"
"France","2023-01-01","Total emissions","mtCO2","2.77","Europe","-1.12"
"France","2023-02-01","Total emissions","mtCO2","3.03","Europe","0.09"
"France","2023-03-01","Total emissions","mtCO2","2.35","Europe","-0.75"
"France","2023-04-01","Total emissions","mtCO2","1.38","Europe","-0.69"
"France","2023-05-01","Total emissions","mtCO2","1.13","Europe","-0.78"
"France","2023-06-01","Total emissions","mtCO2","1.36","Europe","-0.29"
"France","2023-07-01","Total emissions","mtCO2","1.4","Europe","-0.59"
"France","2023-08-01","Total emissions","mtCO2","1.33","Europe","-0.48"
"France","2023-09-01","Total emissions","mtCO2","1.12","Europe","-0.78"
"France","2023-10-01","Total emissions","mtCO2","1.09","Europe","-1.05"
"France","2023-11-01","Total emissions","mtCO2","1.84","Europe","-0.86"
"France","2023-12-01","Total emissions","mtCO2","2.02","Europe","-1.47"
"France","2024-01-01","Total emissions","mtCO2","2.41","Europe","-0.36"
"France","2024-02-01","Total emissions","mtCO2","1.86","Europe","-1.17"
"France","2024-03-01","Total emissions","mtCO2","1.79","Europe","-0.56"
"Germany","2015-01-01","Total emissions","mtCO2","28.1","Europe",\0
"Germany","2015-02-01","Total emissions","mtCO2","29.23","Europe",\0
"Germany","2015-03-01","Total emissions","mtCO2","28.37","Europe",\0
"Germany","2015-04-01","Total emissions","mtCO2","23.57","Europe",\0
"Germany","2015-05-01","Total emissions","mtCO2","19.62","Europe",\0
"Germany","2015-06-01","Total emissions","mtCO2","22.03","Europe",\0
"Germany","2015-07-01","Total emissions","mtCO2","24.54","Europe",\0
"Germany","2015-08-01","Total emissions","mtCO2","23.75","Europe",\0
"Germany","2015-09-01","Total emissions","mtCO2","26.59","Europe",\0
"Germany","2015-10-01","Total emissions","mtCO2","32.07","Europe",\0
"Germany","2015-11-01","Total emissions","mtCO2","28.3","Europe",\0
"Germany","2015-12-01","Total emissions","mtCO2","27.28","Europe",\0
"Germany","2016-01-01","Total emissions","mtCO2","30.12","Europe","2.02"
"Germany","2016-02-01","Total emissions","mtCO2","25.67","Europe","-3.56"
"Germany","2016-03-01","Total emissions","mtCO2","27.52","Europe","-0.85"
"Germany","2016-04-01","Total emissions","mtCO2","24.29","Europe","0.72"
"Germany","2016-05-01","Total emissions","mtCO2","21.96","Europe","2.34"
"Germany","2016-06-01","Total emissions","mtCO2","22.06","Europe","0.03"
"Germany","2016-07-01","Total emissions","mtCO2","22.22","Europe","-2.32"
"Germany","2016-08-01","Total emissions","mtCO2","22.56","Europe","-1.19"
"Germany","2016-09-01","Total emissions","mtCO2","25.52","Europe","-1.07"
"Germany","2016-10-01","Total emissions","mtCO2","28.77","Europe","-3.3"
"Germany","2016-11-01","Total emissions","mtCO2","29.53","Europe","1.23"
"Germany","2016-12-01","Total emissions","mtCO2","30.33","Europe","3.05"
"Germany","2017-01-01","Total emissions","mtCO2","34.02","Europe","3.9"
"Germany","2017-02-01","Total emissions","mtCO2","27.02","Europe","1.35"
"Germany","2017-03-01","Total emissions","mtCO2","26.35","Europe","-1.17"
"Germany","2017-04-01","Total emissions","mtCO2","23.66","Europe","-0.63"
"Germany","2017-05-01","Total emissions","mtCO2","23.49","Europe","1.53"
"Germany","2017-06-01","Total emissions","mtCO2","20.42","Europe","-1.64"
"Germany","2017-07-01","Total emissions","mtCO2","21.87","Europe","-0.35"
"Germany","2017-08-01","Total emissions","mtCO2","20.9","Europe","-1.66"
"Germany","2017-09-01","Total emissions","mtCO2","22.74","Europe","-2.78"
"Germany","2017-10-01","Total emissions","mtCO2","21.82","Europe","-6.95"
"Germany","2017-11-01","Total emissions","mtCO2","26.71","Europe","-2.82"
"Germany","2017-12-01","Total emissions","mtCO2","24.04","Europe","-6.29"
"Germany","2018-01-01","Total emissions","mtCO2","23.69","Europe","-10.33"
"Germany","2018-02-01","Total emissions","mtCO2","27.26","Europe","0.24"
"Germany","2018-03-01","Total emissions","mtCO2","26.6","Europe","0.25"
"Germany","2018-04-01","Total emissions","mtCO2","20.37","Europe","-3.29"
"Germany","2018-05-01","Total emissions","mtCO2","19.66","Europe","-3.83"
"Germany","2018-06-01","Total emissions","mtCO2","21.2","Europe","0.78"
"Germany","2018-07-01","Total emissions","mtCO2","24.2","Europe","2.33"
"Germany","2018-08-01","Total emissions","mtCO2","23.13","Europe","2.23"
"Germany","2018-09-01","Total emissions","mtCO2","22.21","Europe","-0.53"
"Germany","2018-10-01","Total emissions","mtCO2","24.11","Europe","2.29"
"Germany","2018-11-01","Total emissions","mtCO2","25.96","Europe","-0.75"
"Germany","2018-12-01","Total emissions","mtCO2","21.97","Europe","-2.07"
"Germany","2019-01-01","Total emissions","mtCO2","25.52","Europe","1.83"
"Germany","2019-02-01","Total emissions","mtCO2","22.41","Europe","-4.85"
"Germany","2019-03-01","Total emissions","mtCO2","18.04","Europe","-8.56"
"Germany","2019-04-01","Total emissions","mtCO2","19.08","Europe","-1.29"
"Germany","2019-05-01","Total emissions","mtCO2","18.42","Europe","-1.24"
"Germany","2019-06-01","Total emissions","mtCO2","15.57","Europe","-5.63"
"Germany","2019-07-01","Total emissions","mtCO2","18.26","Europe","-5.94"
"Germany","2019-08-01","Total emissions","mtCO2","17.63","Europe","-5.5"
"Germany","2019-09-01","Total emissions","mtCO2","17.16","Europe","-5.05"
"Germany","2019-10-01","Total emissions","mtCO2","19.95","Europe","-4.16"
"Germany","2019-11-01","Total emissions","mtCO2","23.56","Europe","-2.4"
"Germany","2019-12-01","Total emissions","mtCO2","18.47","Europe","-3.5"
"Germany","2020-01-01","Total emissions","mtCO2","20.66","Europe","-4.86"
"Germany","2020-02-01","Total emissions","mtCO2","14.45","Europe","-7.96"
"Germany","2020-03-01","Total emissions","mtCO2","16.2","Europe","-1.84"
"Germany","2020-04-01","Total emissions","mtCO2","11.51","Europe","-7.57"
"Germany","2020-05-01","Total emissions","mtCO2","11.86","Europe","-6.56"
"Germany","2020-06-01","Total emissions","mtCO2","13.82","Europe","-1.75"
"Germany","2020-07-01","Total emissions","mtCO2","14.92","Europe","-3.34"
"Germany","2020-08-01","Total emissions","mtCO2","16.3","Europe","-1.33"
"Germany","2020-09-01","Total emissions","mtCO2","18.52","Europe","1.36"
"Germany","2020-10-01","Total emissions","mtCO2","19.69","Europe","-0.26"
"Germany","2020-11-01","Total emissions","mtCO2","22.2","Europe","-1.36"
"Germany","2020-12-01","Total emissions","mtCO2","21.51","Europe","3.04"
"Germany","2021-01-01","Total emissions","mtCO2","23.5","Europe","2.84"
"Germany","2021-02-01","Total emissions","mtCO2","18.53","Europe","4.08"
"Germany","2021-03-01","Total emissions","mtCO2","19.27","Europe","3.07"
"Germany","2021-04-01","Total emissions","mtCO2","17.39","Europe","5.88"
"Germany","2021-05-01","Total emissions","mtCO2","13.72","Europe","1.86"
"Germany","2021-06-01","Total emissions","mtCO2","16.93","Europe","3.11"
"Germany","2021-07-01","Total emissions","mtCO2","16.23","Europe","1.31"
"Germany","2021-08-01","Total emissions","mtCO2","15.82","Europe","-0.48"
"Germany","2021-09-01","Total emissions","mtCO2","20.78","Europe","2.26"
"Germany","2021-10-01","Total emissions","mtCO2","19.79","Europe","0.1"
"Germany","2021-11-01","Total emissions","mtCO2","23.64","Europe","1.44"
"Germany","2021-12-01","Total emissions","mtCO2","23.03","Europe","1.52"
"Germany","2022-01-01","Total emissions","mtCO2","23.16","Europe","-0.34"
"Germany","2022-02-01","Total emissions","mtCO2","17.62","Europe","-0.91"
"Germany","2022-03-01","Total emissions","mtCO2","24.1","Europe","4.83"
"Germany","2022-04-01","Total emissions","mtCO2","18.82","Europe","1.43"
"Germany","2022-05-01","Total emissions","mtCO2","17.61","Europe","3.89"
"Germany","2022-06-01","Total emissions","mtCO2","18.1","Europe","1.17"
"Germany","2022-07-01","Total emissions","mtCO2","18.49","Europe","2.26"
"Germany","2022-08-01","Total emissions","mtCO2","19.86","Europe","4.04"
"Germany","2022-09-01","Total emissions","mtCO2","19.86","Europe","-0.92"
"Germany","2022-10-01","Total emissions","mtCO2","18.07","Europe","-1.72"
"Germany","2022-11-01","Total emissions","mtCO2","20.72","Europe","-2.92"
"Germany","2022-12-01","Total emissions","mtCO2","22.61","Europe","-0.42"
"Germany","2023-01-01","Total emissions","mtCO2","21.19","Europe","-1.97"
"Germany","2023-02-01","Total emissions","mtCO2","20.9","Europe","3.28"
"Germany","2023-03-01","Total emissions","mtCO2","18.35","Europe","-5.75"
"Germany","2023-04-01","Total emissions","mtCO2","16.05","Europe","-2.77"
"Germany","2023-05-01","Total emissions","mtCO2","12.67","Europe","-4.94"
"Germany","2023-06-01","Total emissions","mtCO2","12.67","Europe","-5.43"
"Germany","2023-07-01","Total emissions","mtCO2","11.51","Europe","-6.98"
"Germany","2023-08-01","Total emissions","mtCO2","13.03","Europe","-6.83"
"Germany","2023-09-01","Total emissions","mtCO2","14.19","Europe","-5.67"
"Germany","2023-10-01","Total emissions","mtCO2","15.73","Europe","-2.34"
"Germany","2023-11-01","Total emissions","mtCO2","17.6","Europe","-3.12"
"Germany","2023-12-01","Total emissions","mtCO2","17.3","Europe","-5.31"
"Germany","2024-01-01","Total emissions","mtCO2","18.05","Europe","-3.14"
"Germany","2024-02-01","Total emissions","mtCO2","14.96","Europe","-5.94"
"Germany","2024-03-01","Total emissions","mtCO2","15.05","Europe","-3.3"
"India","2019-01-01","Total emissions","mtCO2","82.54","Asia",\0
"India","2019-02-01","Total emissions","mtCO2","74.45","Asia",\0
"India","2019-03-01","Total emissions","mtCO2","86.83","Asia",\0
"India","2019-04-01","Total emissions","mtCO2","86.3","Asia",\0
"India","2019-05-01","Total emissions","mtCO2","90.06","Asia",\0
"India","2019-06-01","Total emissions","mtCO2","85.82","Asia",\0
"India","2019-07-01","Total emissions","mtCO2","79.67","Asia",\0
"India","2019-08-01","Total emissions","mtCO2","73.81","Asia",\0
"India","2019-09-01","Total emissions","mtCO2","72","Asia",\0
"India","2019-10-01","Total emissions","mtCO2","71.97","Asia",\0
"India","2019-11-01","Total emissions","mtCO2","72.46","Asia",\0
"India","2019-12-01","Total emissions","mtCO2","78.93","Asia",\0
"India","2020-01-01","Total emissions","mtCO2","82.99","Asia","0.45"
"India","2020-02-01","Total emissions","mtCO2","81.55","Asia","7.1"
"India","2020-03-01","Total emissions","mtCO2","75.47","Asia","-11.36"
"India","2020-04-01","Total emissions","mtCO2","60.67","Asia","-25.63"
"India","2020-05-01","Total emissions","mtCO2","70.78","Asia","-19.28"
"India","2020-06-01","Total emissions","mtCO2","71","Asia","-14.82"
"India","2020-07-01","Total emissions","mtCO2","77.72","Asia","-1.95"
"India","2020-08-01","Total emissions","mtCO2","72.04","Asia","-1.77"
"India","2020-09-01","Total emissions","mtCO2","78.3","Asia","6.3"
"India","2020-10-01","Total emissions","mtCO2","81.45","Asia","9.48"
"India","2020-11-01","Total emissions","mtCO2","75.27","Asia","2.81"
"India","2020-12-01","Total emissions","mtCO2","83.57","Asia","4.64"
"India","2021-01-01","Total emissions","mtCO2","88.88","Asia","5.89"
"India","2021-02-01","Total emissions","mtCO2","83.45","Asia","1.9"
"India","2021-03-01","Total emissions","mtCO2","97.7","Asia","22.23"
"India","2021-04-01","Total emissions","mtCO2","94.47","Asia","33.8"
"India","2021-05-01","Total emissions","mtCO2","79.8","Asia","9.02"
"India","2021-06-01","Total emissions","mtCO2","78.05","Asia","7.05"
"India","2021-07-01","Total emissions","mtCO2","84.58","Asia","6.86"
"India","2021-08-01","Total emissions","mtCO2","87.89","Asia","15.85"
"India","2021-09-01","Total emissions","mtCO2","77.92","Asia","-0.38"
"India","2021-10-01","Total emissions","mtCO2","82.18","Asia","0.73"
"India","2021-11-01","Total emissions","mtCO2","75.77","Asia","0.5"
"India","2021-12-01","Total emissions","mtCO2","85.63","Asia","2.06"
"India","2022-01-01","Total emissions","mtCO2","88.26","Asia","-0.62"
"India","2022-02-01","Total emissions","mtCO2","85.24","Asia","1.79"
"India","2022-03-01","Total emissions","mtCO2","99.75","Asia","2.05"
"India","2022-04-01","Total emissions","mtCO2","102.15","Asia","7.68"
"India","2022-05-01","Total emissions","mtCO2","99.3","Asia","19.5"
"India","2022-06-01","Total emissions","mtCO2","96.69","Asia","18.64"
"India","2022-07-01","Total emissions","mtCO2","86.57","Asia","1.99"
"India","2022-08-01","Total emissions","mtCO2","85.63","Asia","-2.26"
"India","2022-09-01","Total emissions","mtCO2","85.7","Asia","7.78"
"India","2022-10-01","Total emissions","mtCO2","80.95","Asia","-1.23"
"India","2022-11-01","Total emissions","mtCO2","86.68","Asia","10.91"
"India","2022-12-01","Total emissions","mtCO2","94.52","Asia","8.89"
"India","2023-01-01","Total emissions","mtCO2","97.69","Asia","9.43"
"India","2023-02-01","Total emissions","mtCO2","91.2","Asia","5.96"
"India","2023-03-01","Total emissions","mtCO2","99.38","Asia","-0.37"
"India","2023-04-01","Total emissions","mtCO2","102.06","Asia","-0.09"
"India","2023-05-01","Total emissions","mtCO2","101.98","Asia","2.68"
"India","2023-06-01","Total emissions","mtCO2","99.84","Asia","3.15"
"India","2023-07-01","Total emissions","mtCO2","94.53","Asia","7.96"
"India","2023-08-01","Total emissions","mtCO2","100.65","Asia","15.02"
"India","2023-09-01","Total emissions","mtCO2","99.48","Asia","13.78"
"India","2023-10-01","Total emissions","mtCO2","106.95","Asia","26"
"India","2023-11-01","Total emissions","mtCO2","94.96","Asia","8.28"
"India","2023-12-01","Total emissions","mtCO2","96.7","Asia","2.18"
"India","2024-01-01","Total emissions","mtCO2","107.5","Asia","9.81"
"India","2024-02-01","Total emissions","mtCO2","100.08","Asia","8.88"
"India","2024-03-01","Total emissions","mtCO2","108.71","Asia","9.33"
"Italy","2016-01-01","Total emissions","mtCO2","8.89","Europe",\0
"Italy","2016-02-01","Total emissions","mtCO2","7.6","Europe",\0
"Italy","2016-03-01","Total emissions","mtCO2","7.62","Europe",\0
"Italy","2016-04-01","Total emissions","mtCO2","6.61","Europe",\0
"Italy","2016-05-01","Total emissions","mtCO2","6.87","Europe",\0
"Italy","2016-06-01","Total emissions","mtCO2","6.68","Europe",\0
"Italy","2016-07-01","Total emissions","mtCO2","8.49","Europe",\0
"Italy","2016-08-01","Total emissions","mtCO2","7.4","Europe",\0
"Italy","2016-09-01","Total emissions","mtCO2","8.89","Europe",\0
"Italy","2016-10-01","Total emissions","mtCO2","9.18","Europe",\0
"Italy","2016-11-01","Total emissions","mtCO2","9.3","Europe",\0
"Italy","2016-12-01","Total emissions","mtCO2","10.09","Europe",\0
"Italy","2017-01-01","Total emissions","mtCO2","10.79","Europe","1.9"
"Italy","2017-02-01","Total emissions","mtCO2","8.53","Europe","0.93"
"Italy","2017-03-01","Total emissions","mtCO2","7.38","Europe","-0.24"
"Italy","2017-04-01","Total emissions","mtCO2","7.1","Europe","0.49"
"Italy","2017-05-01","Total emissions","mtCO2","7.45","Europe","0.58"
"Italy","2017-06-01","Total emissions","mtCO2","8.62","Europe","1.94"
"Italy","2017-07-01","Total emissions","mtCO2","9.62","Europe","1.13"
"Italy","2017-08-01","Total emissions","mtCO2","9.05","Europe","1.65"
"Italy","2017-09-01","Total emissions","mtCO2","8.54","Europe","-0.35"
"Italy","2017-10-01","Total emissions","mtCO2","9.58","Europe","0.4"
"Italy","2017-11-01","Total emissions","mtCO2","10.46","Europe","1.16"
"Italy","2017-12-01","Total emissions","mtCO2","9.88","Europe","-0.21"
"Italy","2018-01-01","Total emissions","mtCO2","9.25","Europe","-1.54"
"Italy","2018-02-01","Total emissions","mtCO2","8.96","Europe","0.43"
"Italy","2018-03-01","Total emissions","mtCO2","8.91","Europe","1.53"
"Italy","2018-04-01","Total emissions","mtCO2","6.61","Europe","-0.49"
"Italy","2018-05-01","Total emissions","mtCO2","7.12","Europe","-0.33"
"Italy","2018-06-01","Total emissions","mtCO2","7.33","Europe","-1.29"
"Italy","2018-07-01","Total emissions","mtCO2","9.36","Europe","-0.26"
"Italy","2018-08-01","Total emissions","mtCO2","8.91","Europe","-0.14"
"Italy","2018-09-01","Total emissions","mtCO2","9.55","Europe","1.01"
"Italy","2018-10-01","Total emissions","mtCO2","9.26","Europe","-0.32"
"Italy","2018-11-01","Total emissions","mtCO2","9.12","Europe","-1.34"
"Italy","2018-12-01","Total emissions","mtCO2","9.52","Europe","-0.36"
"Italy","2019-01-01","Total emissions","mtCO2","10.66","Europe","1.41"
"Italy","2019-02-01","Total emissions","mtCO2","8.12","Europe","-0.84"
"Italy","2019-03-01","Total emissions","mtCO2","8.22","Europe","-0.69"
"Italy","2019-04-01","Total emissions","mtCO2","7.74","Europe","1.13"
"Italy","2019-05-01","Total emissions","mtCO2","6.99","Europe","-0.13"
"Italy","2019-06-01","Total emissions","mtCO2","7.7","Europe","0.37"
"Italy","2019-07-01","Total emissions","mtCO2","9.56","Europe","0.2"
"Italy","2019-08-01","Total emissions","mtCO2","8.44","Europe","-0.47"
"Italy","2019-09-01","Total emissions","mtCO2","8.82","Europe","-0.73"
"Italy","2019-10-01","Total emissions","mtCO2","8.74","Europe","-0.52"
"Italy","2019-11-01","Total emissions","mtCO2","7.8","Europe","-1.32"
"Italy","2019-12-01","Total emissions","mtCO2","7.45","Europe","-2.07"
"Italy","2020-01-01","Total emissions","mtCO2","8.96","Europe","-1.7"
"Italy","2020-02-01","Total emissions","mtCO2","7.45","Europe","-0.67"
"Italy","2020-03-01","Total emissions","mtCO2","6.55","Europe","-1.67"
"Italy","2020-04-01","Total emissions","mtCO2","5.75","Europe","-1.99"
"Italy","2020-05-01","Total emissions","mtCO2","5.85","Europe","-1.14"
"Italy","2020-06-01","Total emissions","mtCO2","6.8","Europe","-0.9"
"Italy","2020-07-01","Total emissions","mtCO2","8.45","Europe","-1.11"
"Italy","2020-08-01","Total emissions","mtCO2","8.17","Europe","-0.27"
"Italy","2020-09-01","Total emissions","mtCO2","8.47","Europe","-0.35"
"Italy","2020-10-01","Total emissions","mtCO2","7.16","Europe","-1.58"
"Italy","2020-11-01","Total emissions","mtCO2","7.85","Europe","0.05"
"Italy","2020-12-01","Total emissions","mtCO2","8.31","Europe","0.86"
"Italy","2021-01-01","Total emissions","mtCO2","8.22","Europe","-0.74"
"Italy","2021-02-01","Total emissions","mtCO2","6.87","Europe","-0.58"
"Italy","2021-03-01","Total emissions","mtCO2","7.25","Europe","0.7"
"Italy","2021-04-01","Total emissions","mtCO2","7.05","Europe","1.3"
"Italy","2021-05-01","Total emissions","mtCO2","5.6","Europe","-0.25"
"Italy","2021-06-01","Total emissions","mtCO2","7.14","Europe","0.34"
"Italy","2021-07-01","Total emissions","mtCO2","8.32","Europe","-0.13"
"Italy","2021-08-01","Total emissions","mtCO2","7.1","Europe","-1.07"
"Italy","2021-09-01","Total emissions","mtCO2","8.37","Europe","-0.1"
"Italy","2021-10-01","Total emissions","mtCO2","7.81","Europe","0.65"
"Italy","2021-11-01","Total emissions","mtCO2","9.59","Europe","1.74"
"Italy","2021-12-01","Total emissions","mtCO2","9.52","Europe","1.21"
"Italy","2022-01-01","Total emissions","mtCO2","9.46","Europe","1.24"
"Italy","2022-02-01","Total emissions","mtCO2","8.5","Europe","1.63"
"Italy","2022-03-01","Total emissions","mtCO2","9.41","Europe","2.16"
"Italy","2022-04-01","Total emissions","mtCO2","7.13","Europe","0.08"
"Italy","2022-05-01","Total emissions","mtCO2","7.19","Europe","1.59"
"Italy","2022-06-01","Total emissions","mtCO2","8.51","Europe","1.37"
"Italy","2022-07-01","Total emissions","mtCO2","9.82","Europe","1.5"
"Italy","2022-08-01","Total emissions","mtCO2","8.5","Europe","1.4"
"Italy","2022-09-01","Total emissions","mtCO2","8.46","Europe","0.09"
"Italy","2022-10-01","Total emissions","mtCO2","8.36","Europe","0.55"
"Italy","2022-11-01","Total emissions","mtCO2","7.84","Europe","-1.75"
"Italy","2022-12-01","Total emissions","mtCO2","9.32","Europe","-0.2"
"Italy","2023-01-01","Total emissions","mtCO2","8.6","Europe","-0.86"
"Italy","2023-02-01","Total emissions","mtCO2","7.94","Europe","-0.56"
"Italy","2023-03-01","Total emissions","mtCO2","7.88","Europe","-1.53"
"Italy","2023-04-01","Total emissions","mtCO2","5.49","Europe","-1.64"
"Italy","2023-05-01","Total emissions","mtCO2","5.38","Europe","-1.81"
"Italy","2023-06-01","Total emissions","mtCO2","6.4","Europe","-2.11"
"Italy","2023-07-01","Total emissions","mtCO2","8.1","Europe","-1.72"
"Italy","2023-08-01","Total emissions","mtCO2","6.45","Europe","-2.05"
"Italy","2023-09-01","Total emissions","mtCO2","7.1","Europe","-1.36"
"Italy","2023-10-01","Total emissions","mtCO2","6.47","Europe","-1.89"
"Italy","2023-11-01","Total emissions","mtCO2","5.77","Europe","-2.07"
"Italy","2023-12-01","Total emissions","mtCO2","6.6","Europe","-2.72"
"Italy","2024-01-01","Total emissions","mtCO2","6.65","Europe","-1.95"
"Italy","2024-02-01","Total emissions","mtCO2","6.01","Europe","-1.93"
"Italy","2024-03-01","Total emissions","mtCO2","5.36","Europe","-2.52"
"Japan","2018-04-01","Total emissions","mtCO2","34.02","Asia",\0
"Japan","2018-05-01","Total emissions","mtCO2","33.9","Asia",\0
"Japan","2018-06-01","Total emissions","mtCO2","37.55","Asia",\0
"Japan","2018-07-01","Total emissions","mtCO2","47.03","Asia",\0
"Japan","2018-08-01","Total emissions","mtCO2","47.74","Asia",\0
"Japan","2018-09-01","Total emissions","mtCO2","38.3","Asia",\0
"Japan","2018-10-01","Total emissions","mtCO2","36.66","Asia",\0
"Japan","2018-11-01","Total emissions","mtCO2","38.29","Asia",\0
"Japan","2018-12-01","Total emissions","mtCO2","45.32","Asia",\0
"Japan","2019-01-01","Total emissions","mtCO2","47.68","Asia",\0
"Japan","2019-02-01","Total emissions","mtCO2","42.42","Asia",\0
"Japan","2019-03-01","Total emissions","mtCO2","40.34","Asia",\0
"Japan","2019-04-01","Total emissions","mtCO2","34.39","Asia","0.37"
"Japan","2019-05-01","Total emissions","mtCO2","31.96","Asia","-1.94"
"Japan","2019-06-01","Total emissions","mtCO2","34.37","Asia","-3.18"
"Japan","2019-07-01","Total emissions","mtCO2","40.84","Asia","-6.19"
"Japan","2019-08-01","Total emissions","mtCO2","44.85","Asia","-2.89"
"Japan","2019-09-01","Total emissions","mtCO2","39.94","Asia","1.64"
"Japan","2019-10-01","Total emissions","mtCO2","36.12","Asia","-0.54"
"Japan","2019-11-01","Total emissions","mtCO2","37.08","Asia","-1.21"
"Japan","2019-12-01","Total emissions","mtCO2","44.2","Asia","-1.12"
"Japan","2020-01-01","Total emissions","mtCO2","45.36","Asia","-2.32"
"Japan","2020-02-01","Total emissions","mtCO2","41.74","Asia","-0.68"
"Japan","2020-03-01","Total emissions","mtCO2","38.46","Asia","-1.88"
"Japan","2020-04-01","Total emissions","mtCO2","31.62","Asia","-2.77"
"Japan","2020-05-01","Total emissions","mtCO2","27.6","Asia","-4.36"
"Japan","2020-06-01","Total emissions","mtCO2","32.88","Asia","-1.49"
"Japan","2020-07-01","Total emissions","mtCO2","37.08","Asia","-3.76"
"Japan","2020-08-01","Total emissions","mtCO2","44.76","Asia","-0.09"
"Japan","2020-09-01","Total emissions","mtCO2","38.93","Asia","-1.01"
"Japan","2020-10-01","Total emissions","mtCO2","36.37","Asia","0.25"
"Japan","2020-11-01","Total emissions","mtCO2","38.33","Asia","1.25"
"Japan","2020-12-01","Total emissions","mtCO2","47.48","Asia","3.28"
"Japan","2021-01-01","Total emissions","mtCO2","51.18","Asia","5.82"
"Japan","2021-02-01","Total emissions","mtCO2","41.24","Asia","-0.5"
"Japan","2021-03-01","Total emissions","mtCO2","37.73","Asia","-0.73"
"Japan","2021-04-01","Total emissions","mtCO2","30.94","Asia","-0.68"
"Japan","2021-05-01","Total emissions","mtCO2","29.09","Asia","1.49"
"Japan","2021-06-01","Total emissions","mtCO2","32.9","Asia","0.02"
"Japan","2021-07-01","Total emissions","mtCO2","40.26","Asia","3.18"
"Japan","2021-08-01","Total emissions","mtCO2","40.79","Asia","-3.97"
"Japan","2021-09-01","Total emissions","mtCO2","35.32","Asia","-3.61"
"Japan","2021-10-01","Total emissions","mtCO2","36.45","Asia","0.08"
"Japan","2021-11-01","Total emissions","mtCO2","37.6","Asia","-0.73"
"Japan","2021-12-01","Total emissions","mtCO2","44.55","Asia","-2.93"
"Japan","2022-01-01","Total emissions","mtCO2","48.92","Asia","-2.26"
"Japan","2022-02-01","Total emissions","mtCO2","45.02","Asia","3.78"
"Japan","2022-03-01","Total emissions","mtCO2","39.81","Asia","2.08"
"Japan","2022-04-01","Total emissions","mtCO2","30.9","Asia","-0.04"
"Japan","2022-05-01","Total emissions","mtCO2","29.1","Asia","0.01"
"Japan","2022-06-01","Total emissions","mtCO2","34.67","Asia","1.77"
"Japan","2022-07-01","Total emissions","mtCO2","42.55","Asia","2.29"
"Japan","2022-08-01","Total emissions","mtCO2","42.84","Asia","2.05"
"Japan","2022-09-01","Total emissions","mtCO2","37.66","Asia","2.34"
"Japan","2022-10-01","Total emissions","mtCO2","34.48","Asia","-1.97"
"Japan","2022-11-01","Total emissions","mtCO2","35.18","Asia","-2.42"
"Japan","2022-12-01","Total emissions","mtCO2","44.01","Asia","-0.54"
"Japan","2023-01-01","Total emissions","mtCO2","45.19","Asia","-3.73"
"Japan","2023-02-01","Total emissions","mtCO2","40.03","Asia","-4.99"
"Japan","2023-03-01","Total emissions","mtCO2","33.27","Asia","-6.54"
"Japan","2023-04-01","Total emissions","mtCO2","26.59","Asia","-4.31"
"Japan","2023-05-01","Total emissions","mtCO2","25.8","Asia","-3.3"
"Japan","2023-06-01","Total emissions","mtCO2","30.25","Asia","-4.42"
"Japan","2023-07-01","Total emissions","mtCO2","39.25","Asia","-3.3"
"Japan","2023-08-01","Total emissions","mtCO2","41.6","Asia","-1.24"
"Japan","2023-09-01","Total emissions","mtCO2","39.19","Asia","1.53"
"Japan","2023-10-01","Total emissions","mtCO2","31.33","Asia","-3.15"
"Japan","2023-11-01","Total emissions","mtCO2","33.59","Asia","-1.59"
"Japan","2023-12-01","Total emissions","mtCO2","41.01","Asia","-3"
"Japan","2024-01-01","Total emissions","mtCO2","42.25","Asia","-2.94"
"Japan","2024-02-01","Total emissions","mtCO2","37.76","Asia","-2.27"
"Japan","2024-03-01","Total emissions","mtCO2","35.78","Asia","2.51"
"Mexico","2019-01-01","Total emissions","mtCO2","12.13","Latin America and Caribbean",\0
"Mexico","2019-02-01","Total emissions","mtCO2","11.87","Latin America and Caribbean",\0
"Mexico","2019-03-01","Total emissions","mtCO2","12.84","Latin America and Caribbean",\0
"Mexico","2019-04-01","Total emissions","mtCO2","12.76","Latin America and Caribbean",\0
"Mexico","2019-05-01","Total emissions","mtCO2","14.69","Latin America and Caribbean",\0
"Mexico","2019-06-01","Total emissions","mtCO2","14.74","Latin America and Caribbean",\0
"Mexico","2019-07-01","Total emissions","mtCO2","15.47","Latin America and Caribbean",\0
"Mexico","2019-08-01","Total emissions","mtCO2","16.27","Latin America and Caribbean",\0
"Mexico","2019-09-01","Total emissions","mtCO2","14.63","Latin America and Caribbean",\0
"Mexico","2019-10-01","Total emissions","mtCO2","14.04","Latin America and Caribbean",\0
"Mexico","2019-11-01","Total emissions","mtCO2","11.96","Latin America and Caribbean",\0
"Mexico","2019-12-01","Total emissions","mtCO2","11.69","Latin America and Caribbean",\0
"Mexico","2020-01-01","Total emissions","mtCO2","11.77","Latin America and Caribbean","-0.36"
"Mexico","2020-02-01","Total emissions","mtCO2","11.25","Latin America and Caribbean","-0.62"
"Mexico","2020-03-01","Total emissions","mtCO2","12.5","Latin America and Caribbean","-0.34"
"Mexico","2020-04-01","Total emissions","mtCO2","10.92","Latin America and Caribbean","-1.84"
"Mexico","2020-05-01","Total emissions","mtCO2","11.79","Latin America and Caribbean","-2.9"
"Mexico","2020-06-01","Total emissions","mtCO2","12.98","Latin America and Caribbean","-1.76"
"Mexico","2020-07-01","Total emissions","mtCO2","13.96","Latin America and Caribbean","-1.51"
"Mexico","2020-08-01","Total emissions","mtCO2","14.33","Latin America and Caribbean","-1.94"
"Mexico","2020-09-01","Total emissions","mtCO2","13.36","Latin America and Caribbean","-1.27"
"Mexico","2020-10-01","Total emissions","mtCO2","12.89","Latin America and Caribbean","-1.15"
"Mexico","2020-11-01","Total emissions","mtCO2","11.58","Latin America and Caribbean","-0.38"
"Mexico","2020-12-01","Total emissions","mtCO2","11.22","Latin America and Caribbean","-0.47"
"Mexico","2021-01-01","Total emissions","mtCO2","11.56","Latin America and Caribbean","-0.21"
"Mexico","2021-02-01","Total emissions","mtCO2","10.19","Latin America and Caribbean","-1.06"
"Mexico","2021-03-01","Total emissions","mtCO2","11.68","Latin America and Caribbean","-0.82"
"Mexico","2021-04-01","Total emissions","mtCO2","11.99","Latin America and Caribbean","1.07"
"Mexico","2021-05-01","Total emissions","mtCO2","13.14","Latin America and Caribbean","1.35"
"Mexico","2021-06-01","Total emissions","mtCO2","14.2","Latin America and Caribbean","1.22"
"Mexico","2021-07-01","Total emissions","mtCO2","14.01","Latin America and Caribbean","0.05"
"Mexico","2021-08-01","Total emissions","mtCO2","13.53","Latin America and Caribbean","-0.8"
"Mexico","2021-09-01","Total emissions","mtCO2","12.37","Latin America and Caribbean","-0.99"
"Mexico","2021-10-01","Total emissions","mtCO2","11.98","Latin America and Caribbean","-0.91"
"Mexico","2021-11-01","Total emissions","mtCO2","10.83","Latin America and Caribbean","-0.75"
"Mexico","2021-12-01","Total emissions","mtCO2","11.42","Latin America and Caribbean","0.2"
"Mexico","2022-01-01","Total emissions","mtCO2","12","Latin America and Caribbean","0.44"
"Mexico","2022-02-01","Total emissions","mtCO2","10.92","Latin America and Caribbean","0.73"
"Mexico","2022-03-01","Total emissions","mtCO2","12.47","Latin America and Caribbean","0.79"
"Mexico","2022-04-01","Total emissions","mtCO2","13.34","Latin America and Caribbean","1.35"
"Mexico","2022-05-01","Total emissions","mtCO2","14.87","Latin America and Caribbean","1.73"
"Mexico","2022-06-01","Total emissions","mtCO2","14.5","Latin America and Caribbean","0.3"
"Mexico","2022-07-01","Total emissions","mtCO2","15.46","Latin America and Caribbean","1.45"
"Mexico","2022-08-01","Total emissions","mtCO2","14.46","Latin America and Caribbean","0.93"
"Mexico","2022-09-01","Total emissions","mtCO2","13.19","Latin America and Caribbean","0.82"
"Mexico","2022-10-01","Total emissions","mtCO2","12.94","Latin America and Caribbean","0.96"
"Mexico","2022-11-01","Total emissions","mtCO2","11.97","Latin America and Caribbean","1.14"
"Mexico","2022-12-01","Total emissions","mtCO2","11.99","Latin America and Caribbean","0.57"
"Mexico","2023-01-01","Total emissions","mtCO2","12.54","Latin America and Caribbean","0.54"
"Mexico","2023-02-01","Total emissions","mtCO2","12.09","Latin America and Caribbean","1.17"
"Mexico","2023-03-01","Total emissions","mtCO2","13.95","Latin America and Caribbean","1.48"
"Mexico","2023-04-01","Total emissions","mtCO2","13.42","Latin America and Caribbean","0.08"
"Mexico","2023-05-01","Total emissions","mtCO2","15.41","Latin America and Caribbean","0.54"
"Mexico","2023-06-01","Total emissions","mtCO2","16.7","Latin America and Caribbean","2.2"
"Mexico","2023-07-01","Total emissions","mtCO2","17.24","Latin America and Caribbean","1.78"
"Mexico","2023-08-01","Total emissions","mtCO2","17.32","Latin America and Caribbean","2.86"
"Mexico","2023-09-01","Total emissions","mtCO2","16.17","Latin America and Caribbean","2.98"
"Mexico","2023-10-01","Total emissions","mtCO2","15.14","Latin America and Caribbean","2.2"
"Mexico","2023-11-01","Total emissions","mtCO2","12.97","Latin America and Caribbean","1"
"Mexico","2023-12-01","Total emissions","mtCO2","12.47","Latin America and Caribbean","0.48"
"Mexico","2024-01-01","Total emissions","mtCO2","13.22","Latin America and Caribbean","0.68"
"Mexico","2024-02-01","Total emissions","mtCO2","12.23","Latin America and Caribbean","0.14"
"Mexico","2024-03-01","Total emissions","mtCO2","13.98","Latin America and Caribbean","0.03"
"Netherlands","2015-01-01","Total emissions","mtCO2","5.86","Europe",\0
"Netherlands","2015-02-01","Total emissions","mtCO2","5.38","Europe",\0
"Netherlands","2015-03-01","Total emissions","mtCO2","5.22","Europe",\0
"Netherlands","2015-04-01","Total emissions","mtCO2","5.07","Europe",\0
"Netherlands","2015-05-01","Total emissions","mtCO2","4.31","Europe",\0
"Netherlands","2015-06-01","Total emissions","mtCO2","4.09","Europe",\0
"Netherlands","2015-07-01","Total emissions","mtCO2","4.77","Europe",\0
"Netherlands","2015-08-01","Total emissions","mtCO2","4.45","Europe",\0
"Netherlands","2015-09-01","Total emissions","mtCO2","5.43","Europe",\0
"Netherlands","2015-10-01","Total emissions","mtCO2","5.9","Europe",\0
"Netherlands","2015-11-01","Total emissions","mtCO2","5.13","Europe",\0
"Netherlands","2015-12-01","Total emissions","mtCO2","5.44","Europe",\0
"Netherlands","2016-01-01","Total emissions","mtCO2","5.25","Europe","-0.61"
"Netherlands","2016-02-01","Total emissions","mtCO2","5","Europe","-0.38"
"Netherlands","2016-03-01","Total emissions","mtCO2","5.31","Europe","0.09"
"Netherlands","2016-04-01","Total emissions","mtCO2","4.62","Europe","-0.45"
"Netherlands","2016-05-01","Total emissions","mtCO2","4.43","Europe","0.12"
"Netherlands","2016-06-01","Total emissions","mtCO2","4.54","Europe","0.45"
"Netherlands","2016-07-01","Total emissions","mtCO2","4.3","Europe","-0.47"
"Netherlands","2016-08-01","Total emissions","mtCO2","4.36","Europe","-0.09"
"Netherlands","2016-09-01","Total emissions","mtCO2","5.23","Europe","-0.2"
"Netherlands","2016-10-01","Total emissions","mtCO2","5.94","Europe","0.04"
"Netherlands","2016-11-01","Total emissions","mtCO2","5.87","Europe","0.74"
"Netherlands","2016-12-01","Total emissions","mtCO2","6.04","Europe","0.6"
"Netherlands","2017-01-01","Total emissions","mtCO2","6.28","Europe","1.03"
"Netherlands","2017-02-01","Total emissions","mtCO2","5.26","Europe","0.26"
"Netherlands","2017-03-01","Total emissions","mtCO2","4.96","Europe","-0.35"
"Netherlands","2017-04-01","Total emissions","mtCO2","4.5","Europe","-0.12"
"Netherlands","2017-05-01","Total emissions","mtCO2","4.22","Europe","-0.21"
"Netherlands","2017-06-01","Total emissions","mtCO2","4.45","Europe","-0.09"
"Netherlands","2017-07-01","Total emissions","mtCO2","4.83","Europe","0.53"
"Netherlands","2017-08-01","Total emissions","mtCO2","3.96","Europe","-0.4"
"Netherlands","2017-09-01","Total emissions","mtCO2","3.88","Europe","-1.35"
"Netherlands","2017-10-01","Total emissions","mtCO2","4.78","Europe","-1.16"
"Netherlands","2017-11-01","Total emissions","mtCO2","5.48","Europe","-0.39"
"Netherlands","2017-12-01","Total emissions","mtCO2","5.29","Europe","-0.75"
"Netherlands","2018-01-01","Total emissions","mtCO2","5.14","Europe","-1.14"
"Netherlands","2018-02-01","Total emissions","mtCO2","5.24","Europe","-0.02"
"Netherlands","2018-03-01","Total emissions","mtCO2","4.8","Europe","-0.16"
"Netherlands","2018-04-01","Total emissions","mtCO2","3.91","Europe","-0.59"
"Netherlands","2018-05-01","Total emissions","mtCO2","3.61","Europe","-0.61"
"Netherlands","2018-06-01","Total emissions","mtCO2","3.61","Europe","-0.84"
"Netherlands","2018-07-01","Total emissions","mtCO2","4.45","Europe","-0.38"
"Netherlands","2018-08-01","Total emissions","mtCO2","4.45","Europe","0.49"
"Netherlands","2018-09-01","Total emissions","mtCO2","4.36","Europe","0.48"
"Netherlands","2018-10-01","Total emissions","mtCO2","5.06","Europe","0.28"
"Netherlands","2018-11-01","Total emissions","mtCO2","4.86","Europe","-0.62"
"Netherlands","2018-12-01","Total emissions","mtCO2","5.04","Europe","-0.25"
"Netherlands","2019-01-01","Total emissions","mtCO2","5.62","Europe","0.48"
"Netherlands","2019-02-01","Total emissions","mtCO2","4.94","Europe","-0.3"
"Netherlands","2019-03-01","Total emissions","mtCO2","4.57","Europe","-0.23"
"Netherlands","2019-04-01","Total emissions","mtCO2","3.76","Europe","-0.15"
"Netherlands","2019-05-01","Total emissions","mtCO2","3.94","Europe","0.33"
"Netherlands","2019-06-01","Total emissions","mtCO2","3.34","Europe","-0.27"
"Netherlands","2019-07-01","Total emissions","mtCO2","3.73","Europe","-0.72"
"Netherlands","2019-08-01","Total emissions","mtCO2","3.31","Europe","-1.14"
"Netherlands","2019-09-01","Total emissions","mtCO2","3.32","Europe","-1.04"
"Netherlands","2019-10-01","Total emissions","mtCO2","4.55","Europe","-0.51"
"Netherlands","2019-11-01","Total emissions","mtCO2","5.08","Europe","0.22"
"Netherlands","2019-12-01","Total emissions","mtCO2","4.57","Europe","-0.47"
"Netherlands","2020-01-01","Total emissions","mtCO2","4.36","Europe","-1.26"
"Netherlands","2020-02-01","Total emissions","mtCO2","3.58","Europe","-1.36"
"Netherlands","2020-03-01","Total emissions","mtCO2","3.46","Europe","-1.11"
"Netherlands","2020-04-01","Total emissions","mtCO2","2.68","Europe","-1.08"
"Netherlands","2020-05-01","Total emissions","mtCO2","3.13","Europe","-0.81"
"Netherlands","2020-06-01","Total emissions","mtCO2","3.09","Europe","-0.25"
"Netherlands","2020-07-01","Total emissions","mtCO2","3.72","Europe","-0.01"
"Netherlands","2020-08-01","Total emissions","mtCO2","3.86","Europe","0.55"
"Netherlands","2020-09-01","Total emissions","mtCO2","3.85","Europe","0.53"
"Netherlands","2020-10-01","Total emissions","mtCO2","3.69","Europe","-0.86"
"Netherlands","2020-11-01","Total emissions","mtCO2","3.84","Europe","-1.24"
"Netherlands","2020-12-01","Total emissions","mtCO2","3.96","Europe","-0.61"
"Netherlands","2021-01-01","Total emissions","mtCO2","4.49","Europe","0.13"
"Netherlands","2021-02-01","Total emissions","mtCO2","3.82","Europe","0.24"
"Netherlands","2021-03-01","Total emissions","mtCO2","4.12","Europe","0.66"
"Netherlands","2021-04-01","Total emissions","mtCO2","3.07","Europe","0.39"
"Netherlands","2021-05-01","Total emissions","mtCO2","2.85","Europe","-0.28"
"Netherlands","2021-06-01","Total emissions","mtCO2","2.98","Europe","-0.11"
"Netherlands","2021-07-01","Total emissions","mtCO2","3.53","Europe","-0.19"
"Netherlands","2021-08-01","Total emissions","mtCO2","2.98","Europe","-0.88"
"Netherlands","2021-09-01","Total emissions","mtCO2","3.34","Europe","-0.51"
"Netherlands","2021-10-01","Total emissions","mtCO2","3.58","Europe","-0.11"
"Netherlands","2021-11-01","Total emissions","mtCO2","4.32","Europe","0.48"
"Netherlands","2021-12-01","Total emissions","mtCO2","4.6","Europe","0.64"
"Netherlands","2022-01-01","Total emissions","mtCO2","4.12","Europe","-0.37"
"Netherlands","2022-02-01","Total emissions","mtCO2","2.68","Europe","-1.14"
"Netherlands","2022-03-01","Total emissions","mtCO2","3.81","Europe","-0.31"
"Netherlands","2022-04-01","Total emissions","mtCO2","2.83","Europe","-0.24"
"Netherlands","2022-05-01","Total emissions","mtCO2","2.5","Europe","-0.35"
"Netherlands","2022-06-01","Total emissions","mtCO2","3.34","Europe","0.36"
"Netherlands","2022-07-01","Total emissions","mtCO2","3.36","Europe","-0.17"
"Netherlands","2022-08-01","Total emissions","mtCO2","3.54","Europe","0.56"
"Netherlands","2022-09-01","Total emissions","mtCO2","3.57","Europe","0.23"
"Netherlands","2022-10-01","Total emissions","mtCO2","3.21","Europe","-0.37"
"Netherlands","2022-11-01","Total emissions","mtCO2","2.85","Europe","-1.47"
"Netherlands","2022-12-01","Total emissions","mtCO2","4.08","Europe","-0.52"
"Netherlands","2023-01-01","Total emissions","mtCO2","3.3","Europe","-0.82"
"Netherlands","2023-02-01","Total emissions","mtCO2","3.49","Europe","0.81"
"Netherlands","2023-03-01","Total emissions","mtCO2","3.34","Europe","-0.47"
"Netherlands","2023-04-01","Total emissions","mtCO2","2.81","Europe","-0.02"
"Netherlands","2023-05-01","Total emissions","mtCO2","2.3","Europe","-0.2"
"Netherlands","2023-06-01","Total emissions","mtCO2","2.21","Europe","-1.13"
"Netherlands","2023-07-01","Total emissions","mtCO2","2.05","Europe","-1.31"
"Netherlands","2023-08-01","Total emissions","mtCO2","2.57","Europe","-0.97"
"Netherlands","2023-09-01","Total emissions","mtCO2","2.59","Europe","-0.98"
"Netherlands","2023-10-01","Total emissions","mtCO2","2.57","Europe","-0.64"
"Netherlands","2023-11-01","Total emissions","mtCO2","2.65","Europe","-0.2"
"Netherlands","2023-12-01","Total emissions","mtCO2","2.91","Europe","-1.17"
"Netherlands","2024-01-01","Total emissions","mtCO2","3.35","Europe","0.05"
"Netherlands","2024-02-01","Total emissions","mtCO2","2.69","Europe","-0.8"
"Netherlands","2024-03-01","Total emissions","mtCO2","2.83","Europe","-0.51"
"South Korea","2019-01-01","Total emissions","mtCO2","25.41","Asia",\0
"South Korea","2019-02-01","Total emissions","mtCO2","21.82","Asia",\0
"South Korea","2019-03-01","Total emissions","mtCO2","20.9","Asia",\0
"South Korea","2019-04-01","Total emissions","mtCO2","18.5","Asia",\0
"South Korea","2019-05-01","Total emissions","mtCO2","18.34","Asia",\0
"South Korea","2019-06-01","Total emissions","mtCO2","19.59","Asia",\0
"South Korea","2019-07-01","Total emissions","mtCO2","25.03","Asia",\0
"South Korea","2019-08-01","Total emissions","mtCO2","25.68","Asia",\0
"South Korea","2019-09-01","Total emissions","mtCO2","22.64","Asia",\0
"South Korea","2019-10-01","Total emissions","mtCO2","22.25","Asia",\0
"South Korea","2019-11-01","Total emissions","mtCO2","22.95","Asia",\0
"South Korea","2019-12-01","Total emissions","mtCO2","25.18","Asia",\0
"South Korea","2020-01-01","Total emissions","mtCO2","24.17","Asia","-1.24"
"South Korea","2020-02-01","Total emissions","mtCO2","21.29","Asia","-0.53"
"South Korea","2020-03-01","Total emissions","mtCO2","19.16","Asia","-1.74"
"South Korea","2020-04-01","Total emissions","mtCO2","17.78","Asia","-0.72"
"South Korea","2020-05-01","Total emissions","mtCO2","16.8","Asia","-1.54"
"South Korea","2020-06-01","Total emissions","mtCO2","19.21","Asia","-0.38"
"South Korea","2020-07-01","Total emissions","mtCO2","21.72","Asia","-3.31"
"South Korea","2020-08-01","Total emissions","mtCO2","24.61","Asia","-1.07"
"South Korea","2020-09-01","Total emissions","mtCO2","22.31","Asia","-0.33"
"South Korea","2020-10-01","Total emissions","mtCO2","18.27","Asia","-3.98"
"South Korea","2020-11-01","Total emissions","mtCO2","19.15","Asia","-3.8"
"South Korea","2020-12-01","Total emissions","mtCO2","22.34","Asia","-2.84"
"South Korea","2021-01-01","Total emissions","mtCO2","24.27","Asia","0.1"
"South Korea","2021-02-01","Total emissions","mtCO2","19.55","Asia","-1.74"
"South Korea","2021-03-01","Total emissions","mtCO2","19.59","Asia","0.43"
"South Korea","2021-04-01","Total emissions","mtCO2","18.13","Asia","0.35"
"South Korea","2021-05-01","Total emissions","mtCO2","18.82","Asia","2.02"
"South Korea","2021-06-01","Total emissions","mtCO2","21.2","Asia","1.99"
"South Korea","2021-07-01","Total emissions","mtCO2","26.41","Asia","4.69"
"South Korea","2021-08-01","Total emissions","mtCO2","24.86","Asia","0.25"
"South Korea","2021-09-01","Total emissions","mtCO2","20.58","Asia","-1.73"
"South Korea","2021-10-01","Total emissions","mtCO2","19.68","Asia","1.41"
"South Korea","2021-11-01","Total emissions","mtCO2","20.7","Asia","1.55"
"South Korea","2021-12-01","Total emissions","mtCO2","22.98","Asia","0.64"
"South Korea","2022-01-01","Total emissions","mtCO2","23.8","Asia","-0.47"
